,Apple,Bread,Butter,Cheese,Corn,Dill,Eggs,Ice cream,Kidney Beans,Milk,Nutmeg,Onion,Sugar,Unicorn,Yogurt,chocolate
0,0,1,0,0,1,1,0,1,0,0,0,0,1,0,1,1
1,0,0,0,0,0,0,0,0,0,1,0,0,0,0,0,0
2,1,0,1,0,0,1,0,1,0,1,0,0,0,0,1,1
3,0,0,1,1,0,1,0,0,0,1,1,1,0,0,0,0
4,1,1,0,0,0,0,0,0,0,0,0,0,0,0,0,0
5,1,1,1,1,0,1,0,1,0,0,1,0,0,1,1,1
6,0,0,1,0,0,0,1,1,1,1,1,1,0,0,1,0
7,1,0,0,1,0,0,1,0,0,0,1,0,1,0,1,0
8,1,0,0,0,1,1,1,1,0,1,1,1,1,1,1,1
9,1,0,0,0,0,1,1,1,0,1,0,1,1,1,0,1
10,1,1,0,1,0,0,0,1,0,0,0,0,1,1,0,0
11,1,1,0,1,0,1,1,1,1,0,1,0,1,0,1,1
12,0,0,0,0,0,0,0,0,0,0,0,1,0,1,0,1
13,0,0,0,0,0,0,0,1,0,0,0,0,1,0,1,0
14,0,0,1,0,0,0,0,0,1,0,0,0,0,0,0,0
15,0,0,0,0,0,0,0,0,0,0,0,0,0,0,1,0
16,1,1,1,1,0,0,0,1,0,0,1,0,1,0,0,0
17,1,0,0,0,0,0,1,0,0,0,0,0,0,0,1,1
18,0,1,0,1,0,0,0,0,1,0,0,0,1,0,0,0
19,0,1,0,0,1,0,0,1,1,1,1,0,1,1,0,0
20,1,0,0,1,0,0,0,1,0,0,0,0,1,1,0,0
21,1,0,1,1,0,0,0,0,1,0,0,0,0,1,1,0
22,0,1,0,1,0,1,1,1,1,1,0,0,0,1,1,1
23,0,1,1,1,0,0,1,1,1,0,0,0,1,1,0,1
24,0,1,0,0,1,0,1,0,1,1,1,1,0,1,1,0
25,0,1,1,0,0,0,1,0,0,1,0,0,0,0,1,1
26,0,1,1,1,1,0,0,0,1,1,0,0,0,1,0,1
27,0,1,1,0,0,0,0,0,0,0,0,0,0,0,0,0
28,0,1,1,0,0,0,0,0,1,1,1,0,0,1,1,1
29,1,1,0,0,0,0,0,1,0,0,0,1,0,0,1,0
30,0,0,0,0,1,1,0,0,0,1,0,0,0,1,0,1
31,1,1,1,0,0,1,0,0,0,1,0,0,0,1,1,0
32,0,0,0,1,0,0,1,0,1,0,0,0,0,0,0,0
33,0,0,0,0,0,1,0,0,0,1,1,0,1,0,0,0
34,0,1,0,0,0,1,0,1,0,0,0,1,0,0,0,1
35,0,0,0,1,0,1,1,0,0,0,0,1,0,1,0,1
36,1,0,0,1,1,1,0,1,1,0,1,1,0,1,1,1
37,0,0,0,0,1,0,1,1,0,1,1,0,0,0,0,1
38,0,0,1,0,0,0,0,0,1,0,0,0,1,0,0,0
39,0,1,0,1,1,0,1,1,0,0,1,0,0,0,1,0
40,1,1,1,1,1,0,1,0,1,0,0,0,0,1,0,1
41,0,1,1,0,0,0,0,0,0,0,0,0,0,0,1,1
42,0,1,0,0,0,0,0,0,0,0,0,1,0,0,0,0
43,1,1,0,0,1,1,0,1,1,1,0,1,0,0,0,1
44,0,0,0,0,0,0,0,1,0,0,0,0,1,0,0,0
45,0,1,0,0,1,1,1,1,0,1,0,0,0,1,0,0
46,0,0,0,0,0,0,0,0,0,0,0,1,0,0,0,0
47,1,0,0,0,0,0,0,0,0,0,0,1,0,0,0,1
48,0,1,0,0,0,1,0,0,0,0,0,0,1,0,1,1
49,0,1,1,1,0,1,1,0,0,0,1,1,1,0,0,0
50,1,0,1,1,1,1,0,0,1,1,0,0,0,1,0,1
51,1,1,1,0,0,0,0,0,0,0,0,1,1,1,0,1
52,1,0,0,0,1,0,1,1,1,0,1,0,1,1,0,0
53,0,0,0,0,0,1,0,0,0,0,0,0,1,1,0,0
54,1,0,0,0,0,0,0,0,0,0,0,0,0,0,0,0
55,0,1,0,0,0,0,0,1,0,0,1,0,0,1,0,0
56,0,1,0,0,1,1,0,0,1,1,1,0,0,0,1,1
57,0,0,0,0,0,0,0,1,1,0,0,0,0,0,1,0
58,1,0,0,1,0,1,0,1,1,1,1,0,0,0,0,0
59,0,0,0,0,0,0,0,0,0,0,0,0,0,0,1,1
60,1,0,0,0,0,0,0,0,0,1,0,1,0,0,0,1
61,1,1,0,1,0,0,0,0,1,1,1,0,1,0,1,0
62,0,1,1,1,1,1,1,0,0,1,1,0,0,0,1,1
63,0,0,0,0,0,0,0,0,0,0,0,0,0,0,1,0
64,0,0,0,0,0,0,0,1,0,1,0,1,1,1,0,1
65,1,1,0,0,1,1,1,1,0,1,0,1,1,1,1,0
66,1,0,1,0,1,0,0,1,1,0,1,1,1,0,1,1
67,0,1,0,1,0,1,0,1,1,1,0,1,1,1,1,1
68,0,0,0,0,0,0,0,0,0,0,0,0,0,1,0,0
69,0,1,0,1,1,1,1,0,0,1,0,0,0,0,1,0
70,0,0,0,0,0,1,0,1,0,0,0,0,1,1,0,1
71,0,1,0,0,0,1,1,1,1,0,0,0,0,0,1,1
72,1,0,0,0,1,0,1,0,1,0,1,0,1,0,0,1
73,0,0,1,0,1,0,0,1,0,0,1,1,1,1,1,1
74,0,0,0,0,0,0,0,0,0,0,0,1,0,0,0,0
75,1,1,0,1,1,1,0,1,0,1,0,0,0,1,0,1
76,1,0,0,0,0,0,1,1,0,0,1,0,0,0,0,0
77,1,1,1,0,0,1,0,0,0,0,1,1,0,0,1,1
78,0,0,0,1,0,1,0,1,1,0,1,1,1,0,0,1
79,0,0,1,1,0,0,0,1,0,0,1,0,0,0,0,0
80,0,0,0,1,0,0,1,0,0,0,0,1,0,1,1,0
81,0,1,1,1,0,1,1,0,0,0,0,1,0,1,1,0
82,1,0,1,0,1,0,0,0,0,0,0,0,1,0,0,0
83,1,0,0,0,0,0,0,0,0,0,0,0,0,0,0,0
84,1,1,1,1,1,0,0,1,1,1,1,0,0,1,1,0
85,1,0,1,0,0,0,0,0,0,1,0,1,1,0,1,1
86,1,0,0,0,1,1,0,0,1,1,1,0,0,0,0,1
87,0,0,1,0,0,0,1,0,1,0,1,1,1,1,1,0
88,1,0,0,1,0,1,0,1,0,0,0,0,0,0,0,1
89,1,0,0,1,1,1,1,0,1,0,1,1,1,1,1,1
90,1,1,1,0,1,1,0,0,1,0,1,1,1,1,1,1
91,0,0,0,1,1,1,1,1,1,1,1,1,0,0,1,1
92,1,0,1,0,1,1,0,0,0,0,0,1,1,1,1,1
93,0,1,1,1,1,0,1,1,0,0,1,1,0,0,1,1
94,1,0,0,0,0,1,0,0,0,1,1,1,0,0,1,0
95,0,1,0,0,1,1,0,0,0,1,0,1,0,0,0,0
96,1,0,1,0,1,1,0,0,1,0,1,0,0,0,1,0
97,0,0,0,0,0,0,0,0,0,0,0,0,0,0,1,0
98,1,0,1,0,1,0,1,0,1,1,0,1,1,1,1,0
99,0,1,1,1,1,0,1,0,1,1,0,1,1,0,1,1
100,0,1,0,0,0,0,1,0,0,0,0,0,0,0,0,0
101,0,1,1,1,0,0,0,1,0,1,0,0,1,0,0,1
102,0,0,0,1,0,0,1,0,0,0,0,0,1,0,1,1
103,0,1,0,0,0,0,0,0,0,0,0,0,0,1,0,0
104,0,1,0,1,0,0,1,1,0,0,1,1,1,1,0,0
105,0,0,0,0,1,0,1,0,0,1,0,0,0,0,0,0
106,1,0,0,1,0,1,1,0,1,0,0,1,0,1,0,1
107,0,0,0,0,0,0,0,0,1,0,0,0,0,1,1,0
108,0,0,0,0,0,0,0,0,0,0,0,0,0,0,1,0
109,0,0,0,0,0,0,0,0,0,0,1,0,0,0,0,0
110,1,0,0,1,1,1,0,0,0,1,1,1,0,0,1,0
111,1,1,1,1,1,1,0,0,0,0,0,1,1,1,1,1
112,1,1,0,0,1,0,1,1,1,1,1,0,0,0,0,1
113,0,0,1,0,0,0,1,0,1,1,1,1,0,0,0,0
114,1,1,0,1,0,1,1,0,0,0,1,1,1,0,1,0
115,1,0,0,1,0,0,1,0,1,0,0,0,0,0,0,0
116,0,1,1,0,1,0,1,1,0,0,0,1,1,1,0,0
117,1,1,1,1,0,0,0,0,0,1,0,1,1,0,0,1
118,1,0,0,1,1,1,0,1,0,0,0,0,1,0,1,0
119,0,0,0,0,1,0,1,0,0,0,1,1,0,1,1,1
120,0,0,1,1,0,1,0,1,0,0,0,0,1,0,0,0
121,0,0,0,1,0,0,0,0,0,0,1,1,0,0,1,0
122,0,0,1,0,1,0,0,1,1,0,0,0,0,1,1,0
123,0,1,0,0,1,1,1,0,1,0,1,0,0,0,1,1
124,0,0,0,1,0,0,0,0,0,0,0,0,0,0,0,0
125,0,1,1,0,0,1,1,0,0,0,0,0,0,0,1,0
126,1,0,0,0,0,0,0,1,0,0,0,1,0,0,1,1
127,0,0,0,0,0,0,0,0,1,0,1,0,1,0,0,1
128,1,0,1,1,1,0,1,0,0,1,1,1,1,1,1,0
129,0,1,1,0,1,0,0,1,1,1,1,1,1,0,1,1
130,1,0,1,0,0,0,0,0,0,0,0,0,0,1,1,1
131,1,1,1,0,0,1,0,0,0,1,1,0,1,0,0,1
132,1,0,0,1,0,1,1,0,0,0,1,1,1,1,1,0
133,0,0,0,1,0,1,1,0,1,1,1,0,0,1,0,1
134,0,0,0,0,0,0,0,0,1,0,1,0,1,0,0,0
135,0,0,1,1,1,1,0,1,1,0,1,1,0,0,1,0
136,0,1,1,0,0,1,1,1,0,1,0,1,0,1,1,1
137,1,0,0,0,1,1,1,0,0,1,0,0,0,0,1,1
138,0,0,0,0,0,0,0,0,1,0,0,0,0,0,0,0
139,0,0,0,1,1,0,0,0,1,1,0,1,0,0,0,0
140,1,0,1,1,1,1,0,1,1,1,1,0,1,1,0,1
141,1,1,1,0,1,0,0,0,0,1,1,0,0,1,1,0
142,0,0,0,1,0,1,1,0,0,0,0,0,0,1,0,0
143,1,1,0,0,1,0,1,1,1,0,0,1,1,0,1,0
144,0,0,0,0,0,0,0,0,1,1,1,0,1,1,1,0
145,0,1,1,1,1,0,0,0,1,1,1,1,1,1,0,0
146,0,0,0,0,0,1,0,1,0,1,0,1,1,0,0,0
147,0,0,0,0,1,1,0,1,1,0,1,0,1,1,0,1
148,1,1,0,1,0,0,1,0,0,0,0,0,0,0,0,1
149,0,0,0,0,0,0,1,0,0,0,1,0,1,1,1,0
150,1,1,1,0,1,0,0,1,0,0,1,1,1,1,1,0
151,0,0,0,1,1,0,0,1,1,0,1,0,1,0,1,0
152,0,0,0,0,0,0,0,0,1,0,0,0,0,0,0,0
153,0,0,0,0,0,0,0,0,0,0,0,0,0,1,0,0
154,0,0,0,1,0,0,0,0,1,1,0,0,1,1,0,0
155,0,0,0,0,1,0,0,0,1,0,0,0,1,1,0,0
156,0,1,1,0,1,0,0,0,1,0,0,0,0,0,1,0
157,1,0,1,0,0,1,1,1,1,1,0,1,1,0,1,0
158,0,0,0,0,1,0,0,0,0,0,0,0,0,0,0,0
159,1,0,0,0,1,0,0,0,0,1,1,0,1,0,0,0
160,0,0,0,0,0,1,0,0,0,0,0,0,0,0,0,0
161,0,0,0,0,1,0,1,1,1,0,1,0,0,1,0,1
162,0,0,0,0,0,0,1,0,1,1,1,0,1,1,0,0
163,0,0,1,0,1,1,1,1,0,1,0,1,1,1,1,1
164,1,0,1,0,1,1,1,1,0,0,0,0,1,1,0,1
165,0,0,0,0,0,0,0,0,0,0,0,0,0,0,1,0
166,1,1,1,1,1,0,1,1,1,0,1,0,1,1,0,1
167,0,1,0,0,0,1,0,0,0,0,1,1,0,1,1,0
168,0,0,0,0,0,0,0,1,0,0,0,0,0,0,0,0
169,1,1,0,0,0,0,0,0,0,0,0,0,0,0,0,0
170,0,1,1,0,0,0,1,1,1,0,1,0,1,0,0,1
171,1,0,1,1,0,1,0,1,1,0,1,0,1,1,1,0
172,0,0,0,0,0,0,0,0,0,0,0,1,0,0,0,1
173,0,1,0,0,0,0,1,0,0,0,0,0,1,0,0,1
174,0,1,0,1,0,0,0,0,0,0,0,1,0,0,0,1
175,0,0,1,1,0,0,0,0,0,0,1,0,0,0,0,0
176,0,0,1,1,0,1,1,0,1,1,1,0,0,1,1,0
177,0,1,0,1,1,0,0,0,0,1,1,0,1,0,1,1
178,0,1,0,0,0,0,0,0,1,0,0,0,0,0,0,0
179,0,0,0,0,0,0,0,1,0,1,0,0,0,0,0,1
180,0,0,1,1,1,1,0,0,0,1,0,0,1,1,0,1
181,1,0,1,1,0,0,1,0,0,0,0,1,1,0,1,1
182,0,0,0,0,0,1,0,0,0,0,1,0,0,0,0,0
183,1,1,1,0,1,0,1,0,1,1,1,1,0,1,1,1
184,0,0,1,0,0,0,0,0,0,0,1,0,0,0,0,1
185,0,0,1,1,0,0,0,1,1,1,1,1,0,1,1,1
186,1,0,1,1,0,1,1,1,1,1,1,1,0,1,1,1
187,0,0,0,0,1,0,0,1,0,0,1,1,0,1,1,1
188,1,0,1,1,1,1,0,0,1,0,0,0,1,1,1,0
189,1,1,0,0,1,1,0,0,1,1,1,0,1,1,1,1
190,1,0,0,1,1,0,0,1,1,0,0,0,0,0,1,0
191,1,0,0,1,0,0,0,0,0,1,0,0,0,0,0,0
192,1,1,1,1,0,1,0,1,0,0,1,1,1,0,0,1
193,0,0,0,1,1,0,1,0,1,0,0,1,0,1,1,0
194,0,0,1,1,0,1,1,1,0,0,0,1,0,1,0,1
195,0,0,0,0,1,1,0,0,0,1,0,0,0,0,0,0
196,1,1,0,1,1,1,1,0,0,1,0,1,1,1,0,0
197,0,1,1,1,0,0,1,0,1,1,1,1,0,0,0,0
198,1,0,0,0,0,0,0,1,0,1,0,0,0,0,0,1
199,0,0,1,1,0,1,0,1,1,1,0,0,1,0,1,0
200,0,0,0,0,0,1,0,1,0,0,1,1,0,0,0,1
201,0,0,1,0,0,0,0,1,0,1,0,0,1,1,0,1
202,0,1,1,0,0,1,1,1,1,1,0,1,0,1,0,0
203,0,0,0,0,0,0,0,1,0,0,0,0,0,1,0,0
204,0,1,0,1,0,1,1,1,1,0,0,0,0,1,1,0
205,1,0,0,0,1,0,0,0,0,0,0,0,1,0,0,0
206,0,0,0,1,1,0,0,0,0,1,0,0,1,0,1,1
207,0,0,0,1,0,0,0,0,1,0,1,1,1,1,0,0
208,0,0,0,0,0,0,0,0,0,0,1,0,1,1,1,0
209,0,1,1,1,0,1,0,1,0,0,1,1,0,1,0,1
210,1,1,1,0,1,1,1,1,1,0,0,0,1,0,1,0
211,1,1,1,0,1,0,0,1,1,0,0,0,0,0,0,1
212,0,1,1,1,0,0,1,0,0,1,1,0,0,0,1,1
213,0,0,0,0,0,0,1,0,0,0,0,0,0,0,0,0
214,0,0,1,0,0,0,1,0,1,1,0,1,0,0,1,1
215,0,0,1,0,0,1,0,0,0,0,1,0,1,1,0,1
216,0,1,1,1,1,0,1,1,0,1,1,1,0,0,0,1
217,1,0,0,0,1,0,1,1,0,0,1,0,0,0,0,0
218,1,1,0,0,0,1,0,0,0,0,1,0,1,1,0,0
219,0,0,0,0,0,1,0,0,0,0,0,1,0,0,0,0
220,0,0,0,0,0,0,1,1,0,0,1,1,0,0,0,1
221,1,1,0,0,0,0,1,0,1,1,1,1,1,0,1,0
222,0,0,0,1,0,0,1,0,1,0,0,0,0,0,0,1
223,0,1,1,0,0,1,0,0,0,0,1,1,0,0,1,1
224,1,0,1,1,1,1,1,1,1,1,1,0,1,1,0,0
225,1,0,1,0,0,0,1,1,0,1,0,0,1,0,0,0
226,0,0,0,1,1,0,1,0,0,0,0,0,1,1,1,0
227,0,1,0,0,0,0,0,0,0,0,0,0,0,1,0,0
228,1,0,1,1,1,1,1,1,0,0,1,1,1,1,0,0
229,1,0,0,0,1,0,0,0,0,0,0,0,0,0,0,0
230,0,1,0,0,1,1,0,0,0,1,0,0,0,0,0,1
231,1,0,0,1,1,1,0,0,0,0,1,0,1,0,0,0
232,0,0,1,0,0,0,0,1,0,1,0,0,0,0,1,1
233,0,0,0,1,1,0,0,0,0,0,1,0,1,0,0,0
234,1,1,0,0,0,0,0,0,0,0,0,0,0,0,0,0
235,0,0,0,0,0,1,0,0,0,0,0,0,0,0,0,0
236,0,0,0,0,0,0,0,1,0,0,1,0,1,1,0,0
237,0,0,0,0,1,0,0,0,0,0,0,1,0,0,0,0
238,1,1,1,1,1,0,0,1,1,1,1,1,1,0,1,1
239,0,1,1,0,1,0,0,0,0,0,0,0,0,1,1,0
240,0,1,0,0,0,0,0,0,0,0,0,0,0,1,1,0
241,1,1,0,0,1,1,0,0,0,1,0,0,0,0,0,1
242,0,0,0,0,0,1,0,0,0,0,0,0,0,0,0,0
243,1,0,1,1,0,0,0,1,1,1,0,0,1,1,1,1
244,0,1,0,0,0,1,1,1,0,0,0,0,1,0,0,0
245,1,0,0,1,1,0,0,0,0,1,1,1,0,1,1,1
246,0,0,1,0,1,0,0,0,1,0,0,1,0,0,0,0
247,1,0,0,0,1,1,0,0,0,0,1,1,0,0,0,0
248,0,1,0,1,0,0,1,0,0,1,1,0,0,1,0,0
249,1,0,1,1,0,0,0,1,1,1,0,0,0,0,0,1
250,0,0,1,0,1,1,1,1,0,0,1,1,0,0,1,1
251,1,1,1,1,0,0,0,1,1,0,0,1,1,0,0,0
252,0,0,1,0,0,0,0,0,0,0,0,0,0,0,0,0
253,0,1,1,0,0,1,0,0,0,0,1,0,0,1,1,0
254,0,1,0,0,1,0,0,0,0,0,0,0,0,0,1,0
255,1,0,1,0,1,1,0,1,1,1,1,1,0,0,0,1
256,0,0,0,0,1,0,0,0,0,0,0,0,0,0,1,0
257,1,0,1,1,1,0,0,1,1,0,1,0,1,1,0,1
258,0,0,0,1,0,0,0,0,0,0,0,0,0,0,0,0
259,0,0,1,0,0,0,0,1,1,1,0,0,1,1,0,1
260,0,0,0,0,1,0,1,0,1,1,1,0,0,0,0,0
261,1,0,0,1,1,1,0,0,1,1,0,1,1,1,0,1
262,1,1,1,1,1,1,1,1,0,0,0,1,0,1,0,0
263,1,0,0,1,1,1,1,0,0,0,1,1,1,1,0,1
264,0,0,0,0,1,1,0,0,0,0,0,0,0,0,0,0
265,1,0,0,0,0,0,0,0,0,0,0,0,0,0,0,0
266,0,0,1,0,0,0,0,1,1,0,0,0,0,0,0,0
267,1,1,0,1,1,1,1,0,1,1,0,1,1,1,1,0
268,0,1,0,1,1,0,0,1,1,0,1,0,1,1,1,1
269,0,0,0,0,0,0,0,0,1,0,0,0,0,0,0,0
270,1,1,0,0,1,0,0,0,0,1,1,1,0,0,1,0
271,0,1,1,1,1,0,1,0,0,0,1,1,0,0,1,1
272,0,0,0,0,1,0,0,0,1,1,0,0,0,1,0,0
273,1,1,0,1,0,0,0,1,0,0,1,1,0,1,0,0
274,0,0,0,1,0,1,0,0,1,0,1,1,1,0,0,0
275,1,0,1,0,1,1,0,0,1,1,0,1,0,1,0,0
276,1,1,1,0,1,0,1,1,0,0,0,0,1,1,1,0
277,0,0,1,1,0,0,1,1,1,0,0,1,0,1,1,0
278,0,1,1,0,1,0,0,0,0,1,0,0,0,1,1,0
279,1,1,1,0,1,0,0,1,0,0,0,0,1,1,1,0
280,0,0,0,0,1,1,0,1,0,1,1,1,0,0,0,0
281,0,1,1,0,1,0,1,0,1,0,0,1,1,0,1,1
282,0,1,1,1,0,0,0,0,0,0,0,1,1,0,1,0
283,0,0,1,1,1,0,0,1,0,1,0,0,0,1,1,0
284,1,1,1,0,1,0,1,1,0,0,1,1,1,0,0,1
285,0,0,0,0,0,0,1,0,0,0,0,0,0,1,1,0
286,1,0,1,0,0,0,1,0,1,0,1,0,1,0,1,0
287,1,1,0,0,0,1,1,1,0,1,1,0,1,0,1,1
288,1,1,1,0,0,1,0,0,1,1,1,1,0,1,0,1
289,0,1,0,1,0,1,0,0,0,1,0,1,0,0,0,1
290,0,0,1,1,1,0,1,1,1,0,0,0,0,0,1,1
291,1,1,0,0,0,1,0,0,0,1,0,1,1,1,0,1
292,0,0,1,1,0,1,1,0,1,0,1,0,0,1,0,1
293,0,0,1,0,1,0,1,0,1,0,1,1,0,0,1,1
294,0,0,1,1,1,1,0,1,1,1,0,1,0,0,0,1
295,1,0,1,1,0,0,0,0,0,0,0,0,1,1,1,1
296,1,0,0,1,1,0,0,0,0,0,0,0,0,0,0,1
297,0,0,0,1,1,1,0,1,0,0,1,1,0,1,1,1
298,1,0,0,0,1,0,0,0,1,0,0,0,0,0,0,0
299,1,0,0,1,0,0,1,1,1,1,0,1,1,1,1,1
300,0,1,0,1,0,1,1,0,1,0,1,0,1,0,1,1
301,0,1,0,1,0,0,0,0,0,0,0,0,0,0,0,1
302,1,0,0,1,1,1,1,1,0,0,0,1,1,0,1,0
303,0,1,0,0,1,0,1,0,0,0,1,1,0,1,0,1
304,0,0,0,1,1,0,0,1,0,0,1,0,1,0,0,0
305,0,0,0,0,0,1,0,0,1,0,0,0,0,0,0,0
306,1,0,1,0,0,0,1,0,1,1,1,0,1,0,1,0
307,1,0,1,0,1,0,1,0,0,1,1,1,1,0,1,1
308,1,0,1,1,1,0,0,1,1,0,0,1,0,1,0,0
309,0,0,0,0,1,1,0,1,0,1,0,0,1,1,0,1
310,1,0,0,0,0,1,0,1,1,0,0,0,0,0,0,1
311,1,0,1,1,0,1,1,0,0,1,0,0,1,0,0,1
312,0,0,1,0,1,1,0,1,1,1,1,0,1,0,1,0
313,1,1,1,1,0,1,1,0,0,1,0,1,1,0,0,0
314,1,1,0,0,1,1,1,1,0,1,0,1,1,1,1,1
315,1,1,1,1,1,1,1,1,1,1,0,0,0,0,1,1
316,1,0,1,1,0,0,1,0,1,0,1,1,0,0,0,0
317,0,1,0,1,1,0,0,0,1,1,0,0,1,0,1,0
318,0,0,0,0,1,0,1,0,0,0,0,0,0,1,1,1
319,0,0,0,1,0,1,0,1,1,0,0,0,1,0,1,1
320,0,1,0,1,1,1,0,1,1,0,0,1,0,0,0,0
321,0,0,0,0,0,1,1,0,0,0,0,1,0,1,0,1
322,0,0,0,0,0,1,0,0,0,0,0,1,0,0,1,0
323,0,0,1,1,1,1,1,1,1,1,1,1,0,1,1,0
324,0,0,1,0,0,1,1,1,0,0,1,0,0,0,0,1
325,1,0,1,0,0,0,1,0,0,1,1,1,1,1,0,0
326,1,1,1,0,1,0,1,1,0,0,1,1,1,1,1,1
327,0,0,0,0,1,1,1,1,1,1,0,1,0,0,1,0
328,1,0,1,0,1,0,0,0,1,1,0,1,0,1,0,0
329,0,1,0,0,0,1,0,0,1,0,0,1,1,1,1,0
330,1,0,1,1,0,0,0,0,1,0,0,0,1,0,0,0
331,0,0,0,1,0,0,0,1,0,0,0,1,0,0,1,0
332,0,1,1,0,0,1,0,1,0,1,1,1,1,0,0,1
333,0,0,1,1,0,0,0,1,1,0,1,0,0,1,1,0
334,1,0,1,0,1,0,0,1,1,0,0,1,1,1,0,0
335,1,1,0,1,1,0,1,0,1,1,0,0,0,1,0,0
336,0,0,0,1,0,0,0,0,0,1,1,0,1,1,1,1
337,0,1,0,1,0,0,0,0,0,0,0,0,0,0,0,1
338,1,0,1,1,1,1,0,0,1,0,0,1,0,1,1,1
339,1,0,0,0,1,0,0,1,0,0,1,1,1,0,1,0
340,0,1,1,0,0,1,0,0,0,1,1,1,1,0,0,0
341,0,0,1,1,1,0,1,1,0,1,0,1,0,0,0,0
342,0,0,0,0,0,0,1,1,1,1,0,0,1,1,1,0
343,1,0,1,1,0,1,0,0,1,1,0,0,1,0,1,1
344,1,0,0,0,0,0,0,1,0,1,0,0,0,1,0,0
345,0,0,1,0,0,0,0,0,1,1,0,0,0,0,0,0
346,1,0,0,1,1,0,1,0,0,1,1,1,0,1,1,0
347,0,1,0,0,1,0,0,0,1,1,0,0,1,0,0,1
348,0,0,0,1,1,0,0,0,1,0,0,1,0,0,0,0
349,0,1,0,1,1,1,0,0,1,1,0,0,1,1,1,1
350,1,1,1,1,0,0,0,1,0,1,0,0,1,0,1,1
351,1,0,1,0,0,1,1,1,1,1,1,0,1,1,0,1
352,1,0,0,0,0,0,1,0,0,0,0,0,0,0,0,0
353,0,1,0,0,0,1,1,1,0,1,1,1,1,1,1,0
354,1,1,1,1,0,0,1,0,0,1,1,0,0,0,1,0
355,0,0,1,1,1,1,0,0,1,0,0,1,0,0,1,1
356,0,0,0,0,1,0,0,0,0,0,0,0,0,0,0,0
357,0,0,1,1,0,1,0,1,0,1,1,0,1,0,0,1
358,1,1,1,0,1,0,0,0,0,0,1,1,1,0,1,0
359,0,0,1,0,1,0,1,0,1,1,1,0,1,1,0,1
360,1,0,1,0,1,1,0,1,1,0,0,0,1,0,0,1
361,0,0,0,0,1,0,1,0,0,0,1,0,0,0,1,0
362,1,0,1,1,1,1,1,0,1,0,1,1,0,0,1,0
363,1,0,1,1,1,0,0,1,1,0,1,0,1,1,0,1
364,1,0,0,0,0,0,0,0,0,0,0,1,0,0,0,0
365,0,0,0,0,0,0,0,0,0,0,0,0,1,0,0,0
366,0,0,0,0,0,1,1,0,0,0,0,0,1,0,0,0
367,0,1,1,0,0,0,0,0,0,1,1,0,0,0,0,0
368,0,1,1,1,1,1,1,1,0,1,0,1,1,1,0,0
369,0,1,1,1,1,0,0,1,1,1,1,0,0,0,1,1
370,0,0,0,0,1,1,0,1,0,0,0,0,0,1,0,0
371,0,1,0,1,0,0,0,0,1,1,0,0,0,1,0,0
372,1,0,0,0,0,0,0,1,1,1,1,0,0,1,1,0
373,0,1,1,0,0,0,1,0,1,0,0,0,1,1,0,0
374,0,0,0,0,1,0,0,0,0,0,1,0,0,1,0,0
375,1,0,0,1,1,0,1,0,1,1,0,0,0,0,1,1
376,1,1,0,1,1,0,1,1,0,0,0,1,1,1,0,1
377,1,1,1,1,0,1,1,0,1,0,0,1,0,0,1,1
378,0,1,1,0,0,0,0,1,1,0,0,0,1,1,1,0
379,1,1,1,0,1,0,1,1,0,0,1,1,1,1,0,1
380,0,0,1,1,0,1,1,0,1,1,1,1,0,0,0,0
381,0,0,0,1,1,0,0,0,0,1,0,0,0,1,1,0
382,0,1,1,1,1,1,1,0,1,0,0,1,1,1,0,1
383,0,0,1,1,1,1,1,1,1,0,1,1,1,1,1,1
384,0,0,1,0,1,0,0,0,0,1,0,0,1,1,1,0
385,1,1,1,1,1,0,1,0,0,0,1,1,1,0,1,1
386,1,1,0,0,1,0,0,0,0,0,0,0,0,0,1,0
387,0,0,0,1,0,0,0,1,1,0,1,0,0,0,0,0
388,0,1,0,1,1,1,0,1,0,1,0,1,1,0,1,1
389,1,0,0,0,0,1,1,1,0,0,1,0,1,0,0,1
390,0,0,0,0,0,1,0,0,0,0,0,1,1,0,0,1
391,1,1,1,1,0,0,0,1,0,0,1,1,0,1,1,0
392,0,0,0,1,0,1,1,1,1,0,0,1,0,0,0,1
393,0,0,1,1,0,0,0,1,1,1,0,1,1,0,1,0
394,0,1,0,1,0,0,0,1,1,0,1,0,1,1,1,0
395,1,0,0,0,1,1,0,1,1,0,1,0,0,0,1,1
396,0,0,0,0,0,1,0,0,0,0,0,0,0,0,1,0
397,0,1,1,0,0,1,1,0,1,0,1,1,0,1,1,0
398,1,0,0,0,0,0,0,0,0,0,0,0,0,0,0,0
399,0,0,1,0,0,1,0,0,1,1,1,0,1,1,1,1
400,0,1,0,0,1,0,0,1,0,0,0,1,1,0,0,0
401,1,0,0,0,0,0,1,1,0,1,0,1,1,0,1,0
402,0,1,1,1,1,0,1,0,1,1,1,1,0,1,1,0
403,0,0,1,1,0,0,0,1,0,0,0,0,1,0,1,1
404,1,1,1,0,0,1,0,0,1,1,1,1,1,0,1,0
405,0,0,0,0,0,0,1,0,0,0,0,0,1,0,1,0
406,1,1,1,1,0,1,0,1,0,0,1,1,0,1,0,0
407,0,0,0,0,0,0,1,1,0,1,1,1,1,0,0,1
408,0,0,0,1,0,0,0,0,0,0,0,0,0,0,0,0
409,0,0,0,0,0,1,0,1,1,1,1,1,1,1,0,1
410,0,0,1,1,1,1,1,1,0,1,1,1,0,1,0,1
411,0,0,0,0,1,0,1,1,1,0,1,1,0,0,1,1
412,0,0,0,0,0,0,0,1,0,0,0,0,0,0,1,1
413,0,1,1,0,0,0,1,1,0,1,0,1,0,1,1,1
414,1,0,1,1,1,0,0,1,0,0,1,0,0,1,0,0
415,0,0,1,1,0,0,0,0,0,1,0,0,0,1,0,0
416,0,1,0,0,1,0,1,1,1,0,0,1,0,0,1,0
417,0,0,0,0,0,1,0,0,0,1,0,0,0,0,0,0
418,1,0,0,0,0,0,0,1,0,1,0,1,1,0,1,1
419,0,0,1,0,1,0,0,0,1,1,0,1,1,1,1,0
420,0,0,0,1,1,0,0,0,0,0,1,1,0,1,1,1
421,1,0,1,0,0,1,0,0,0,1,1,0,1,0,1,0
422,1,1,1,1,0,0,1,1,0,0,1,1,1,0,1,0
423,1,0,1,0,1,0,1,0,0,0,1,0,1,1,0,0
424,1,0,0,0,0,0,0,0,0,0,0,0,0,0,0,0
425,1,1,0,1,1,1,0,1,1,1,1,1,1,1,0,0
426,1,0,0,0,0,1,1,0,0,0,1,1,1,0,0,0
427,1,0,0,0,1,0,0,0,1,0,0,0,0,1,1,1
428,0,1,0,1,0,1,0,0,0,0,0,0,0,0,1,0
429,0,1,1,1,0,0,0,1,1,1,1,1,1,0,1,0
430,0,0,0,1,1,1,1,0,1,0,1,1,0,0,0,0
431,0,0,1,1,1,1,0,1,0,0,1,1,0,1,0,1
432,1,0,1,1,0,0,0,1,0,1,1,1,1,0,0,1
433,0,1,1,1,0,0,0,0,0,1,0,1,1,1,0,0
434,1,1,0,0,0,0,1,1,1,1,0,1,1,1,1,0
435,1,0,0,0,0,1,0,0,0,0,0,1,1,0,1,1
436,1,0,0,0,0,0,0,1,0,1,1,0,0,0,1,1
437,1,0,1,0,1,1,1,0,0,1,0,0,1,0,1,0
438,1,0,1,0,0,1,0,1,0,0,0,0,0,0,0,0
439,0,0,0,0,0,0,1,0,0,0,0,0,0,1,0,0
440,0,0,0,0,0,1,0,0,0,1,0,1,1,0,1,1
441,0,1,1,0,0,1,0,1,1,1,0,1,0,0,0,0
442,1,1,1,1,1,0,1,0,1,1,1,0,1,1,0,0
443,0,0,0,0,0,1,0,0,0,0,0,0,0,0,1,0
444,0,0,1,0,1,0,0,0,0,0,0,1,1,0,0,0
445,1,0,1,0,0,1,0,0,0,1,0,1,1,1,1,1
446,1,1,1,1,1,0,1,1,0,0,1,1,1,0,0,0
447,0,0,0,1,0,0,0,0,0,0,0,0,0,0,0,0
448,0,0,0,1,1,1,1,1,0,0,0,0,0,1,1,0
449,1,0,0,1,1,0,1,1,0,1,0,1,0,0,0,0
450,0,1,0,1,0,1,0,1,0,1,1,0,1,0,1,1
451,0,0,1,1,0,0,0,1,0,0,1,0,0,1,0,0
452,0,0,0,1,0,1,0,0,0,0,1,0,0,0,0,0
453,0,1,1,0,0,1,0,0,1,0,0,1,1,1,1,0
454,0,0,0,0,0,0,0,0,1,0,0,1,0,0,0,1
455,1,1,0,0,1,0,0,0,1,1,1,1,0,1,1,1
456,0,0,1,1,1,1,1,0,0,0,1,1,0,0,0,0
457,0,1,0,0,0,0,1,0,0,1,1,1,1,1,1,0
458,0,0,1,1,1,0,0,1,1,0,0,1,0,0,0,0
459,0,1,0,0,1,0,0,0,1,1,1,1,1,1,1,1
460,0,0,1,0,1,0,1,1,0,0,0,1,0,0,0,1
461,1,0,0,0,1,1,1,0,1,1,0,0,0,0,1,1
462,0,1,1,1,1,1,0,0,1,0,0,1,0,0,0,0
463,0,0,0,1,1,1,0,1,1,1,1,1,1,1,0,1
464,0,0,0,0,0,0,0,0,1,0,0,0,0,0,0,0
465,0,0,1,0,1,0,1,0,0,0,0,0,0,1,0,1
466,1,1,0,1,1,0,0,1,1,1,0,0,0,0,0,0
467,1,1,0,0,1,0,1,0,1,0,1,1,1,1,1,1
468,1,0,1,0,1,1,0,1,0,0,0,0,0,0,1,0
469,1,1,0,0,0,1,1,0,0,0,1,0,0,0,1,1
470,1,0,0,0,0,0,0,0,1,0,0,0,1,1,0,1
471,1,0,0,0,0,1,0,0,0,0,1,0,0,0,1,0
472,1,0,1,1,0,1,0,1,1,0,1,0,1,0,1,1
473,0,1,0,1,1,0,1,0,0,0,1,0,1,0,0,1
474,0,0,0,1,1,0,1,0,0,0,0,0,0,1,0,0
475,1,1,0,1,1,1,0,1,1,1,0,0,0,0,0,1
476,1,0,1,0,1,0,1,0,0,0,1,0,1,0,0,1
477,0,1,0,1,1,1,0,1,1,0,1,1,0,0,1,0
478,1,1,0,1,1,1,1,0,1,1,0,0,1,1,1,1
479,1,0,0,1,0,1,1,0,0,0,1,1,0,0,0,0
480,1,1,0,0,1,0,0,0,1,1,1,0,1,1,1,1
481,1,0,0,1,1,1,0,1,0,1,1,0,1,1,1,1
482,0,1,0,0,1,1,1,1,1,0,0,0,0,0,1,1
483,0,0,0,0,0,1,0,0,0,0,0,0,0,1,0,0
484,1,0,0,1,1,1,1,0,1,1,1,1,1,1,0,1
485,0,0,0,1,1,0,0,0,0,0,0,1,1,1,0,0
486,0,1,0,1,0,0,0,1,0,1,1,1,0,0,0,0
487,1,1,1,1,0,0,0,1,1,0,1,0,1,0,0,1
488,1,0,0,1,0,1,0,0,0,0,1,0,0,0,0,0
489,0,0,0,0,0,1,0,1,0,0,0,0,0,0,0,0
490,1,0,0,0,1,1,0,1,1,0,0,0,0,1,1,0
491,0,0,0,0,0,0,0,0,1,0,0,1,0,0,0,0
492,0,1,0,0,0,0,1,1,1,1,0,1,1,0,1,1
493,0,0,1,0,0,0,0,0,1,0,1,0,0,0,0,0
494,1,0,1,1,1,0,0,1,1,1,0,1,1,1,0,1
495,0,0,0,1,0,0,0,0,0,0,0,0,0,0,0,0
496,0,0,1,0,0,0,0,0,0,1,0,0,1,0,1,0
497,0,1,1,1,1,1,1,0,1,1,1,1,0,1,0,1
498,1,0,1,1,1,1,1,0,1,1,1,0,1,0,0,1
499,0,0,0,0,0,1,0,0,0,0,0,0,1,1,0,0
500,0,0,0,1,1,1,0,1,0,0,1,1,0,1,1,1
501,0,0,0,0,1,0,0,0,0,1,0,0,1,0,0,0
502,0,0,0,0,1,1,0,1,0,0,0,0,1,1,0,0
503,0,0,1,1,0,0,0,1,0,0,0,0,0,1,1,1
504,1,1,1,0,1,1,0,0,1,0,0,0,0,0,0,1
505,0,1,0,1,0,0,0,1,1,0,0,0,0,0,0,0
506,1,0,1,0,0,0,0,1,1,1,0,0,0,1,0,1
507,0,0,0,0,0,1,0,0,0,0,1,0,0,0,1,0
508,0,0,0,0,0,0,0,0,1,1,0,0,0,0,1,1
509,1,0,1,0,0,1,1,0,1,0,0,0,0,0,0,0
510,1,0,0,0,1,0,1,0,1,0,1,0,0,1,1,0
511,0,0,0,0,0,0,1,0,0,0,0,1,1,0,0,0
512,0,0,1,0,0,0,1,0,0,1,1,1,0,0,0,0
513,0,0,0,1,0,0,0,0,1,0,0,0,1,0,0,0
514,1,0,1,0,0,0,1,1,1,1,0,0,0,0,1,0
515,1,0,1,0,0,0,1,1,0,1,1,1,0,0,1,1
516,1,0,1,1,1,1,1,1,0,1,0,1,1,0,0,1
517,0,0,0,0,1,1,1,0,1,1,0,1,1,1,0,1
518,0,1,0,1,0,0,1,1,0,0,0,0,0,0,0,1
519,0,0,1,1,0,1,1,0,0,0,0,0,0,0,0,0
520,0,1,0,0,0,1,1,0,0,1,0,0,0,0,1,1
521,1,1,1,0,1,1,1,0,1,1,0,0,1,0,0,1
522,1,0,0,0,0,0,0,0,1,1,0,1,0,0,1,0
523,0,0,0,1,0,1,0,0,0,1,0,1,1,0,0,1
524,0,1,0,0,0,0,0,0,0,0,0,0,0,1,0,0
525,0,1,1,0,0,1,0,1,0,0,0,1,0,0,1,0
526,1,1,0,1,1,1,1,0,0,0,0,0,0,0,1,0
527,0,0,0,1,0,0,0,0,0,0,0,0,0,0,0,0
528,0,1,0,1,0,1,0,1,0,1,0,1,1,1,0,1
529,0,0,0,1,0,0,0,0,1,0,0,0,0,0,0,0
530,1,0,1,0,0,0,0,0,0,1,0,0,0,0,0,1
531,0,0,0,1,0,1,0,0,1,1,1,1,0,0,0,1
532,1,0,0,0,0,0,0,0,1,0,0,0,0,0,0,0
533,0,1,0,0,1,1,0,1,0,0,0,1,0,0,1,1
534,1,0,0,1,1,1,0,0,0,1,0,0,0,1,1,0
535,0,0,0,0,0,1,0,0,0,0,0,1,0,0,1,0
536,0,0,0,0,1,0,1,1,1,1,0,1,0,1,0,0
537,0,0,0,1,0,1,1,1,1,1,1,0,1,1,1,1
538,0,1,0,1,0,0,0,0,1,0,1,0,0,1,1,0
539,0,1,0,0,0,1,1,0,0,1,0,0,1,1,1,0
540,0,1,1,0,0,1,0,1,1,1,0,0,0,1,0,0
541,0,1,1,0,0,0,1,1,1,0,1,0,0,1,0,1
542,1,0,0,1,1,1,0,1,0,1,1,1,1,0,0,0
543,0,0,0,0,1,1,0,0,1,0,0,0,0,0,0,0
544,1,1,0,1,1,1,1,0,0,0,0,1,1,0,0,0
545,0,1,1,1,0,1,0,1,0,0,0,0,0,0,1,0
546,1,0,0,0,1,1,0,1,1,0,0,0,0,1,1,0
547,0,0,1,0,0,0,0,0,0,0,0,0,0,0,0,1
548,0,0,1,0,0,0,0,0,0,0,0,0,0,0,0,1
549,0,1,0,0,0,1,0,1,0,0,0,1,1,1,1,0
550,1,0,1,1,0,0,0,0,0,1,0,0,1,0,1,0
551,1,1,1,0,1,0,1,1,1,1,1,0,0,1,1,0
552,1,0,1,0,1,1,0,1,0,1,0,1,1,1,1,1
553,0,0,1,0,0,0,1,1,0,0,1,0,0,0,0,0
554,0,0,0,0,1,0,1,0,1,1,1,1,0,1,0,1
555,0,0,0,1,0,1,0,1,0,0,0,0,0,1,1,1
556,1,0,0,1,0,0,0,1,1,0,0,0,0,0,0,0
557,0,0,1,0,0,1,0,1,1,0,0,1,0,0,0,0
558,0,0,1,0,0,0,0,1,1,0,1,0,1,0,1,0
559,0,0,0,1,0,0,0,0,1,0,0,0,0,1,0,1
560,0,1,0,0,1,0,0,0,0,0,0,0,0,0,0,0
561,0,1,0,1,0,0,0,0,0,0,0,0,0,0,1,0
562,1,1,1,1,0,0,0,0,1,1,0,0,0,1,0,1
563,1,0,0,0,0,1,1,1,1,1,0,1,1,1,1,1
564,0,0,0,1,0,0,0,0,0,0,0,1,1,0,0,0
565,0,0,0,0,0,0,0,0,1,0,0,1,0,0,0,0
566,0,1,0,1,0,0,0,1,0,0,1,1,0,0,1,0
567,0,1,0,0,1,0,0,0,0,1,1,1,0,0,1,1
568,1,0,1,0,0,1,0,0,0,0,0,0,0,1,1,1
569,1,1,1,0,0,1,1,0,0,1,1,1,0,0,1,1
570,1,1,1,1,0,1,0,0,1,0,1,1,0,0,0,0
571,1,1,1,0,0,1,0,1,0,1,1,0,1,0,1,0
572,0,0,1,0,1,0,1,1,0,1,1,0,0,1,0,1
573,0,1,0,0,1,1,0,0,0,1,0,1,1,1,1,0
574,1,0,1,1,0,1,0,1,1,0,0,1,1,1,1,1
575,0,0,0,1,0,0,0,0,1,0,0,0,1,1,0,0
576,1,0,1,0,1,1,0,0,0,1,1,0,0,0,0,0
577,0,1,0,1,0,0,1,1,1,1,0,0,1,1,1,1
578,0,0,0,1,0,1,0,1,1,0,1,1,1,0,0,0
579,1,0,1,1,0,1,0,0,1,1,1,1,0,1,0,0
580,0,0,0,0,0,0,0,0,0,0,1,0,0,0,0,0
581,0,0,0,0,0,1,0,0,0,0,0,0,0,0,0,0
582,0,0,1,0,1,0,0,0,1,1,1,0,0,0,0,0
583,1,1,1,1,1,0,0,0,1,1,1,0,1,0,0,0
584,0,1,0,1,0,0,0,0,0,0,1,1,1,0,0,0
585,1,0,0,1,0,1,0,1,0,0,1,1,0,0,0,1
586,0,0,1,0,1,1,1,0,1,1,0,0,1,0,1,1
587,0,0,0,1,1,0,0,1,0,0,0,0,1,0,0,0
588,0,0,1,0,1,0,1,0,1,1,0,0,0,1,0,0
589,0,0,0,0,0,0,0,0,0,0,0,1,1,0,0,0
590,0,1,1,0,0,0,0,0,1,0,0,1,1,0,0,0
591,0,0,1,0,1,1,0,1,0,0,0,1,1,1,0,0
592,0,1,1,1,1,1,1,1,1,1,0,0,1,0,1,1
593,1,0,0,1,1,0,1,1,0,1,1,1,1,0,0,0
594,1,1,1,0,0,1,0,1,0,1,0,0,1,1,1,1
595,0,1,1,1,0,0,1,1,1,0,0,0,0,0,0,1
596,0,0,1,0,1,1,1,1,1,0,0,1,0,1,1,0
597,0,1,0,1,0,0,0,1,0,0,0,0,0,0,0,0
598,0,0,0,0,0,0,0,1,0,0,0,0,0,0,0,0
599,0,0,0,0,0,0,0,1,1,1,0,1,1,0,0,0
600,0,1,1,0,0,0,1,1,0,0,0,1,0,0,1,0
601,0,0,0,0,0,0,0,0,0,0,1,0,0,0,0,0
602,0,1,0,0,1,0,0,0,0,0,1,1,0,0,0,0
603,0,0,0,0,0,0,0,0,0,1,0,0,0,0,0,0
604,0,0,1,0,0,1,1,0,0,1,1,1,0,1,1,1
605,0,0,1,0,1,0,0,1,1,0,0,1,0,0,1,1
606,1,1,0,0,1,0,0,1,0,0,0,0,0,1,0,0
607,1,1,0,0,1,0,1,0,0,1,0,0,1,0,1,1
608,0,1,0,0,1,1,1,1,0,0,0,0,1,0,1,0
609,0,0,0,0,0,0,1,0,0,0,0,1,0,0,0,1
610,0,1,0,0,1,1,1,0,0,0,0,1,1,1,1,0
611,0,0,1,1,1,0,1,0,1,0,0,1,0,1,1,1
612,0,0,1,0,0,0,1,0,0,1,0,0,0,1,0,0
613,0,0,0,0,0,0,1,0,0,0,0,0,0,1,0,0
614,1,0,0,1,0,1,1,1,1,1,1,1,1,0,0,1
615,0,0,0,0,0,0,0,1,0,0,0,0,0,0,0,0
616,1,0,1,1,0,0,0,0,0,1,1,1,0,0,0,0
617,0,0,1,0,1,0,1,0,0,1,0,0,1,0,0,1
618,0,0,0,0,1,0,0,1,1,0,0,1,0,0,0,0
619,0,0,1,0,0,0,1,0,0,0,0,0,1,0,0,0
620,1,1,0,1,1,0,1,1,0,1,1,0,1,1,1,0
621,0,1,0,0,0,0,1,0,0,0,0,0,1,0,0,1
622,0,0,0,1,0,1,0,0,0,0,1,0,0,0,0,0
623,0,1,1,0,0,0,1,1,0,0,1,1,1,1,1,1
624,1,1,1,0,1,1,1,1,1,1,1,1,1,0,1,0
625,1,0,0,1,0,0,0,0,0,1,0,0,0,0,1,0
626,0,0,0,0,1,0,1,1,0,0,0,0,0,0,0,0
627,0,0,1,0,0,0,0,1,0,0,1,0,0,1,1,0
628,1,1,1,0,1,1,0,1,0,0,1,0,1,1,1,1
629,0,0,1,1,1,1,1,1,1,0,0,0,1,1,0,0
630,0,1,0,0,0,0,0,0,0,0,0,0,0,1,0,0
631,0,0,0,0,0,0,0,0,0,0,0,1,0,0,0,0
632,0,1,0,0,0,0,0,1,0,0,0,0,0,0,0,1
633,1,0,0,0,0,0,0,0,0,0,0,1,1,1,0,1
634,0,1,1,0,1,1,0,1,0,1,0,0,1,0,0,0
635,0,0,0,1,1,1,1,1,0,1,0,1,0,0,0,1
636,1,0,1,0,1,1,0,0,0,1,0,0,0,0,0,0
637,1,0,1,0,0,0,0,0,0,1,1,0,0,1,0,0
638,0,0,0,1,0,0,0,0,0,0,0,0,1,0,0,0
639,1,0,0,0,0,1,0,1,0,0,1,0,0,1,0,0
640,0,1,1,0,0,0,0,1,1,1,0,1,1,1,0,0
641,0,0,0,0,0,0,0,0,0,1,1,1,1,0,0,1
642,0,0,1,0,1,1,0,1,0,0,1,1,1,0,0,0
643,0,0,1,0,0,0,0,0,0,0,1,0,0,0,0,0
644,0,0,1,1,1,1,1,0,0,1,0,1,0,0,0,1
645,0,0,0,1,0,0,0,0,0,0,1,0,1,0,0,0
646,1,1,0,0,0,1,0,1,1,0,0,1,1,1,1,1
647,1,0,0,0,1,1,0,0,0,1,0,0,1,0,1,1
648,1,0,1,0,0,0,1,1,0,1,0,1,0,0,0,0
649,0,1,0,1,0,0,0,1,1,1,1,1,0,1,0,1
650,1,0,1,0,0,0,0,0,0,0,0,1,0,0,0,0
651,1,0,1,1,1,1,0,1,0,0,1,1,0,0,1,0
652,1,1,1,1,0,1,0,1,1,0,1,1,0,0,1,1
653,0,0,0,1,1,0,1,0,0,1,0,0,0,1,1,1
654,0,0,1,1,0,0,1,0,1,1,1,1,0,0,1,0
655,1,1,1,0,0,1,1,0,0,0,0,0,0,0,0,0
656,1,1,1,0,0,1,1,1,0,0,0,0,1,0,1,1
657,0,0,1,1,1,1,0,1,1,0,1,1,0,0,1,0
658,1,0,0,0,0,1,0,0,1,0,1,0,0,0,1,0
659,0,0,1,1,0,0,1,0,0,0,1,1,0,0,0,0
660,0,1,0,0,0,0,0,0,1,1,0,0,0,0,0,0
661,0,1,0,0,1,0,1,0,0,1,0,0,0,0,0,1
662,0,1,1,1,1,1,0,1,0,0,0,0,0,0,0,0
663,0,0,0,0,1,0,0,0,0,0,0,0,0,0,0,0
664,0,0,1,0,0,0,0,1,1,0,1,0,0,1,0,1
665,1,0,1,0,0,0,1,1,1,1,1,1,0,0,1,1
666,1,0,1,1,1,0,1,0,1,1,1,0,0,0,1,1
667,0,1,0,1,0,1,0,0,1,0,1,1,1,1,1,1
668,0,1,1,0,1,0,0,0,0,0,1,0,1,0,1,0
669,0,1,0,1,0,0,1,0,0,0,1,0,1,0,1,0
670,1,1,0,1,1,0,1,0,1,0,0,1,1,1,1,1
671,1,0,0,0,0,0,0,0,0,0,0,0,0,0,0,0
672,1,1,0,1,0,1,0,1,1,0,1,1,0,1,0,1
673,1,1,0,1,1,1,0,1,0,1,0,0,0,0,0,0
674,0,0,0,1,0,1,1,0,1,1,0,1,1,1,0,1
675,0,1,0,0,0,0,1,0,0,1,0,0,0,0,0,1
676,0,0,0,0,0,1,1,0,0,1,0,0,0,1,1,1
677,0,0,0,1,0,0,0,0,0,0,0,0,0,1,0,1
678,1,0,0,1,0,0,0,1,1,1,1,1,1,0,0,1
679,1,0,0,1,1,1,0,0,1,0,0,1,1,1,1,0
680,0,1,1,1,1,0,1,1,1,1,0,1,0,0,1,1
681,0,1,1,0,1,0,0,1,0,0,1,1,1,0,0,0
682,1,0,0,1,0,1,0,1,0,0,0,0,0,0,0,1
683,0,1,0,1,1,0,0,1,0,0,1,0,1,0,0,1
684,0,0,0,0,0,0,1,1,1,0,0,0,0,1,1,0
685,1,0,1,0,0,0,0,1,1,1,0,0,1,1,0,0
686,1,0,1,0,1,0,0,0,1,1,1,0,1,0,1,0
687,0,1,0,1,0,1,0,1,0,1,0,0,0,1,1,0
688,0,0,0,0,1,0,1,0,0,0,0,0,0,0,1,1
689,0,1,1,0,1,1,0,0,1,1,1,0,0,1,0,1
690,0,1,1,0,1,0,0,1,1,1,1,1,1,0,0,0
691,1,1,0,0,0,1,0,1,0,1,1,1,0,1,0,1
692,0,0,0,0,0,0,0,1,0,0,0,0,0,0,0,0
693,0,0,0,0,1,1,1,0,1,1,1,0,1,0,0,0
694,1,0,0,1,0,0,1,0,1,0,1,1,0,0,0,1
695,0,1,0,0,0,0,1,0,0,0,0,0,0,0,0,0
696,0,1,1,0,1,0,1,1,0,1,0,0,0,0,0,1
697,1,0,0,0,1,0,0,1,0,0,0,0,0,0,1,0
698,0,0,1,1,0,0,0,0,1,1,1,0,1,0,1,0
699,1,0,1,0,1,1,1,1,1,0,0,0,0,1,0,1
700,0,1,1,0,0,0,0,0,0,0,0,1,0,1,0,0
701,1,1,0,0,1,0,1,1,1,1,0,1,0,1,1,0
702,1,1,0,0,0,1,1,0,0,1,1,1,0,1,0,1
703,0,0,0,0,1,1,0,0,0,0,0,0,0,0,0,0
704,0,0,1,0,0,1,0,0,1,1,0,0,0,0,0,0
705,0,0,1,1,1,0,1,1,0,0,0,0,1,0,0,0
706,1,1,0,1,0,1,0,0,1,1,1,0,0,0,1,0
707,1,0,0,1,0,0,0,0,1,1,1,0,0,0,0,0
708,1,1,0,0,1,0,0,0,1,1,0,1,0,0,0,0
709,1,0,0,0,1,1,0,1,1,0,1,1,0,0,0,1
710,0,0,0,0,0,0,0,0,1,1,0,1,0,0,1,1
711,0,1,0,0,0,0,0,0,0,0,0,0,0,1,0,0
712,0,0,0,0,0,1,0,0,0,0,0,0,0,0,0,0
713,0,0,1,0,0,1,1,1,0,1,1,0,1,0,1,1
714,0,1,0,0,0,0,0,0,0,0,1,0,0,0,0,1
715,0,1,1,1,1,0,0,1,0,0,0,0,1,0,0,0
716,1,0,1,0,0,0,1,0,0,1,0,1,0,1,1,0
717,1,1,0,0,0,0,0,1,0,0,0,0,1,1,0,0
718,1,1,1,0,1,1,0,1,1,0,0,0,0,1,1,1
719,0,0,0,0,0,0,1,0,0,0,0,0,0,0,0,1
720,1,0,0,0,1,0,1,0,0,0,0,0,0,1,0,1
721,1,0,0,0,1,0,0,0,0,1,0,0,0,0,1,1
722,1,1,1,0,1,0,0,0,0,1,0,0,0,0,1,1
723,0,0,0,1,0,0,0,0,0,0,1,0,0,1,0,0
724,0,0,0,1,1,0,1,0,1,0,1,0,1,0,0,0
725,1,0,0,1,1,1,1,0,1,1,0,1,1,0,0,1
726,0,1,1,1,0,0,0,0,0,1,0,0,0,0,1,1
727,0,0,1,1,0,1,1,1,1,0,1,1,1,1,0,1
728,1,0,1,1,1,1,0,0,0,1,0,1,0,0,0,1
729,0,0,1,1,0,1,1,0,0,0,0,0,1,0,0,0
730,0,0,0,0,1,0,1,1,0,1,1,0,0,0,0,0
731,0,1,0,0,0,0,1,0,0,0,1,0,0,0,0,0
732,0,0,0,0,0,0,0,0,0,1,0,0,0,0,0,0
733,1,1,0,0,0,1,0,0,1,0,1,0,1,0,1,1
734,1,0,1,0,0,0,1,1,0,1,1,0,0,1,0,1
735,0,0,0,1,0,0,0,0,0,0,1,0,0,1,1,1
736,0,0,0,1,0,0,0,0,0,0,0,0,0,0,0,0
737,1,0,0,0,1,1,0,0,0,1,0,0,0,0,1,0
738,0,1,1,1,1,1,0,1,1,1,0,1,0,0,1,0
739,1,0,1,1,0,1,1,1,0,1,1,1,1,0,0,0
740,1,0,1,0,1,0,1,1,0,0,1,1,1,1,1,0
741,0,0,0,1,0,0,1,1,0,0,0,1,0,0,0,0
742,0,0,0,0,0,0,0,0,0,1,1,0,0,0,0,1
743,0,1,0,0,0,1,0,0,1,1,1,0,0,1,1,0
744,0,0,0,1,0,1,0,0,0,0,0,0,0,0,1,0
745,1,0,1,1,1,0,0,1,1,0,1,0,1,0,0,1
746,0,1,0,1,0,1,1,1,1,1,0,0,0,1,0,1
747,1,1,0,0,0,0,1,1,1,1,0,1,0,1,0,1
748,0,1,0,0,0,0,0,0,1,0,0,0,0,0,0,1
749,1,1,1,1,1,1,0,0,0,0,0,1,0,0,1,0
750,0,0,1,0,0,0,0,0,0,1,0,1,1,0,1,0
751,1,1,1,0,0,1,1,1,1,1,0,1,0,1,1,0
752,0,1,1,0,0,1,0,1,0,1,1,1,1,0,1,0
753,0,0,1,1,0,0,1,0,1,1,1,0,0,0,0,1
754,0,0,0,1,0,0,0,1,0,1,1,1,1,1,0,1
755,0,1,1,0,0,1,1,0,0,1,0,1,0,0,0,1
756,0,1,0,1,0,0,1,0,1,0,1,0,0,0,0,0
757,0,1,0,1,1,1,1,1,1,0,1,1,1,0,1,0
758,0,1,1,0,0,0,0,1,0,0,0,1,0,0,0,1
759,0,1,1,0,0,1,0,0,0,0,1,1,1,0,0,1
760,1,0,1,1,0,0,0,1,1,0,0,1,1,1,1,0
761,0,1,1,1,0,0,0,0,0,0,1,1,1,0,1,1
762,1,0,0,1,1,0,1,0,0,0,1,1,0,0,0,0
763,0,0,0,1,1,1,0,1,1,1,1,0,0,0,1,0
764,1,1,1,1,1,1,1,0,1,0,1,0,1,1,1,0
765,0,0,0,0,0,1,0,1,0,0,1,0,0,0,0,0
766,1,1,1,0,0,0,1,0,1,0,1,1,0,0,1,1
767,0,0,0,0,1,1,1,1,1,0,1,0,0,0,0,1
768,0,0,0,1,1,0,0,1,1,1,0,1,0,1,1,0
769,0,0,0,0,0,0,1,0,0,0,0,1,0,0,0,1
770,0,0,0,0,1,0,0,0,1,1,0,0,0,1,1,0
771,0,0,0,0,0,0,0,0,1,0,1,0,1,0,0,1
772,1,0,0,1,0,1,1,0,1,1,0,0,0,1,1,0
773,1,1,0,0,1,0,0,1,1,0,0,0,1,1,1,1
774,1,1,0,0,0,1,0,1,0,1,0,1,0,1,1,1
775,0,0,1,0,0,0,0,0,0,0,0,0,0,1,0,0
776,0,0,1,0,0,1,1,0,1,1,1,1,1,1,0,1
777,1,1,1,0,1,1,0,0,1,1,0,1,1,0,0,0
778,0,0,0,0,0,0,0,0,0,1,0,0,0,1,0,0
779,0,1,0,1,0,1,1,0,0,0,0,1,1,0,0,0
780,1,0,1,1,0,1,0,0,0,0,1,0,0,0,0,0
781,0,0,0,0,0,0,1,0,0,0,1,0,0,1,1,0
782,0,0,0,1,0,1,1,0,0,0,0,1,0,0,1,0
783,0,0,0,0,0,0,1,0,0,0,0,0,0,0,0,0
784,0,0,0,0,0,0,1,0,0,0,0,0,1,1,0,0
785,0,0,0,0,0,1,1,0,0,0,0,0,1,1,0,0
786,0,0,0,1,0,0,1,0,0,0,0,0,0,0,0,0
787,0,1,0,1,0,0,1,0,0,0,0,0,0,1,0,0
788,0,1,1,0,1,0,0,0,0,0,0,0,1,0,0,1
789,0,0,1,1,1,0,1,0,0,0,1,0,1,1,1,0
790,1,0,0,1,0,0,1,0,1,0,0,0,1,0,1,0
791,1,1,0,1,1,1,1,0,0,0,1,0,1,0,1,0
792,0,0,0,1,0,1,0,0,1,1,0,0,1,0,0,1
793,0,1,0,0,0,1,0,1,1,0,1,0,1,1,0,0
794,0,0,0,0,0,0,0,0,0,0,0,0,0,1,0,0
795,0,0,0,0,0,0,1,1,1,0,0,0,0,0,0,1
796,0,0,1,1,1,0,0,0,0,1,1,0,1,0,1,0
797,0,0,0,0,0,0,0,1,0,0,0,0,0,0,0,0
798,0,0,0,0,0,0,0,0,1,0,0,0,0,0,0,0
799,0,0,0,0,0,0,0,1,0,0,0,1,0,0,1,0
800,0,1,1,0,1,0,1,1,0,1,0,1,1,1,0,1
801,1,0,1,0,1,1,0,0,0,1,0,1,1,1,0,1
802,0,1,1,1,1,0,0,0,1,0,1,0,1,0,0,0
803,0,0,1,1,1,0,1,1,0,1,0,0,1,1,0,0
804,0,1,0,0,0,1,0,1,0,1,0,0,0,0,0,0
805,1,1,1,1,0,0,1,0,0,1,1,1,1,0,1,1
806,1,0,0,0,0,0,1,0,0,0,0,1,0,0,1,0
807,0,0,1,0,0,1,1,0,1,0,1,0,1,0,1,1
808,0,1,0,1,0,0,1,1,0,1,1,1,1,0,1,0
809,0,0,0,0,1,1,1,0,0,1,1,0,1,1,0,0
810,0,0,1,1,0,1,0,0,1,0,0,1,0,1,0,1
811,0,1,0,1,1,1,1,1,0,0,1,0,0,0,1,1
812,1,1,0,0,0,0,0,0,1,0,0,0,1,1,1,1
813,1,0,0,0,0,1,1,0,0,1,1,0,0,0,0,1
814,0,0,0,0,0,0,0,0,0,1,0,0,0,1,0,0
815,0,0,0,0,0,0,1,0,0,0,1,1,1,1,1,0
816,1,1,0,0,0,0,0,0,0,0,0,1,1,1,1,1
817,0,0,0,1,0,0,0,0,0,0,0,0,0,0,1,0
818,1,0,0,1,0,0,0,0,1,1,0,0,1,0,1,1
819,0,1,0,1,1,0,0,1,0,0,1,0,1,0,0,1
820,0,0,0,1,1,0,1,0,1,0,1,1,0,1,0,0
821,0,0,0,0,0,0,1,0,1,0,0,0,0,0,0,0
822,0,0,0,0,1,0,1,1,0,0,0,1,1,0,0,0
823,0,0,0,0,0,0,0,0,0,0,0,0,1,0,0,0
824,0,1,1,0,1,0,0,1,1,1,1,1,1,0,0,1
825,0,0,1,0,1,0,0,0,0,0,0,0,0,0,0,1
826,1,0,0,0,0,0,1,0,0,0,0,0,1,0,1,1
827,0,0,1,0,0,0,0,0,1,0,0,0,1,0,0,1
828,0,1,1,1,0,1,1,0,0,1,1,0,0,1,0,1
829,0,1,0,0,0,1,1,0,0,0,1,1,1,1,1,0
830,0,0,1,0,0,0,0,1,0,1,0,0,0,1,0,1
831,0,1,0,1,1,0,1,0,0,1,1,0,1,0,0,1
832,0,0,0,1,0,0,0,1,1,0,0,0,1,0,1,1
833,1,0,1,0,0,1,0,0,1,0,0,0,0,0,0,0
834,1,1,0,0,0,1,0,0,1,1,1,1,0,0,1,1
835,0,1,0,1,1,1,0,1,0,1,0,1,0,1,0,1
836,0,0,0,0,0,0,1,1,0,0,0,1,1,0,0,0
837,1,0,1,1,0,1,0,0,0,0,0,1,0,1,1,0
838,1,0,1,0,1,1,1,1,1,1,0,0,0,1,0,1
839,0,1,0,0,0,0,0,1,0,0,1,1,1,0,1,0
840,1,0,1,0,0,1,0,1,1,0,1,1,0,1,0,0
841,0,1,1,1,1,0,1,0,1,0,1,0,0,1,1,0
842,0,0,1,0,0,0,0,0,0,0,0,0,0,0,0,0
843,0,0,0,0,0,0,1,0,0,0,0,0,0,0,0,0
844,0,1,0,1,1,0,0,0,0,0,0,0,0,0,0,0
845,1,1,0,0,0,1,1,0,1,1,0,0,1,1,1,0
846,1,0,1,0,1,0,0,0,0,0,0,0,0,0,0,0
847,0,1,0,1,1,0,1,1,1,1,0,0,1,1,0,0
848,1,0,1,0,1,0,1,0,1,1,0,0,0,0,0,1
849,1,0,1,1,0,0,0,1,1,1,0,0,0,0,0,0
850,0,1,0,0,0,1,0,1,0,0,1,1,1,0,1,0
851,0,0,0,0,0,0,0,0,0,0,0,1,0,0,0,0
852,0,1,1,1,0,0,0,1,1,1,1,1,1,1,0,0
853,1,0,1,1,0,0,1,1,1,1,1,0,1,0,1,1
854,0,1,0,0,1,1,1,0,0,0,1,1,1,0,0,1
855,0,0,1,1,1,0,1,0,1,1,0,0,1,0,0,1
856,1,0,1,1,1,0,1,1,0,1,0,1,0,1,1,1
857,1,1,1,1,0,0,1,0,0,0,1,0,0,0,1,1
858,0,0,1,0,0,0,1,0,0,0,0,0,0,0,0,0
859,1,0,0,0,1,0,1,0,0,1,0,0,0,1,1,1
860,0,0,0,0,1,1,1,1,0,0,0,0,1,0,1,0
861,1,1,0,0,0,0,1,0,0,0,1,1,0,0,0,0
862,0,0,0,0,0,1,0,0,1,0,0,1,1,0,1,0
863,1,1,1,1,1,0,0,1,0,0,0,1,1,1,0,1
864,0,1,0,1,1,1,0,1,1,1,1,1,0,1,0,1
865,1,0,0,0,0,0,1,1,0,0,0,0,0,0,1,0
866,0,0,0,0,0,0,1,0,0,1,0,0,0,0,0,0
867,1,0,0,0,0,0,1,1,0,1,1,0,0,1,1,1
868,1,1,1,0,0,0,0,0,0,0,0,1,0,1,0,0
869,0,0,0,0,1,0,0,0,0,1,0,0,1,0,0,0
870,1,1,1,1,0,1,0,1,1,0,1,0,0,1,0,1
871,1,1,1,0,0,0,1,0,0,0,0,0,0,1,0,0
872,1,0,1,0,0,0,0,1,0,0,0,1,0,0,1,1
873,1,0,1,1,1,1,1,1,1,0,0,1,1,1,1,0
874,0,1,0,1,0,1,1,0,0,1,0,1,0,1,1,1
875,0,1,1,0,1,0,0,1,1,0,0,1,0,1,0,1
876,0,0,1,0,0,1,0,1,0,1,1,1,1,1,0,1
877,0,1,0,0,1,1,1,0,0,0,0,0,0,0,0,1
878,1,1,0,0,1,0,1,0,0,1,0,0,0,0,0,0
879,0,0,1,0,0,0,1,1,1,0,0,0,1,0,0,1
880,0,1,0,1,1,0,1,1,1,0,0,0,1,0,1,0
881,0,1,0,0,0,1,0,0,0,1,0,1,1,0,1,0
882,1,1,0,1,1,0,0,1,1,0,1,0,1,1,1,1
883,0,1,0,1,0,1,0,1,0,1,0,1,1,0,1,1
884,0,0,1,1,1,1,0,0,0,1,1,1,1,0,0,0
885,0,0,0,1,0,0,0,0,0,0,0,0,0,0,1,0
886,0,0,0,0,0,0,1,0,1,0,0,0,0,0,1,0
887,0,1,0,1,0,0,0,0,1,0,1,1,0,0,1,0
888,1,1,1,0,0,0,0,0,0,0,0,0,1,0,1,0
889,0,0,0,0,0,0,1,0,0,0,0,1,0,1,0,1
890,0,1,1,1,1,1,0,1,1,1,0,1,0,0,1,1
891,0,0,0,1,1,0,0,1,1,0,1,1,0,1,0,1
892,0,1,1,0,0,0,1,1,0,1,1,1,1,1,0,0
893,0,1,0,1,1,0,0,0,0,1,1,1,0,0,1,1
894,0,0,0,1,0,0,0,0,1,0,0,0,1,0,0,0
895,1,0,1,0,0,1,1,0,0,1,1,1,0,1,1,0
896,1,1,1,0,0,1,1,1,1,1,0,0,1,0,0,0
897,0,0,0,1,1,1,1,1,1,1,0,0,0,0,1,1
898,1,1,1,0,1,0,1,1,1,1,1,1,1,0,0,0
899,1,0,0,1,0,0,1,1,1,1,1,0,0,1,1,0
900,1,1,1,1,0,1,1,0,1,1,0,0,1,0,0,1
901,0,0,1,0,0,0,0,1,0,0,0,0,0,0,0,0
902,0,1,1,1,1,0,0,1,1,1,0,0,1,0,0,1
903,1,0,0,0,0,0,1,0,0,0,0,0,0,0,0,0
904,1,0,1,0,0,1,0,0,0,1,0,0,1,1,0,1
905,0,1,1,1,1,1,0,0,1,1,1,1,1,0,1,1
906,0,0,1,1,0,0,0,1,1,0,1,0,0,1,1,0
907,1,0,0,1,1,1,1,0,1,1,1,1,0,1,1,1
908,1,1,0,1,0,0,0,0,1,0,1,0,1,1,0,0
909,0,1,0,0,1,0,1,0,1,0,0,1,0,0,0,0
910,1,1,1,1,1,0,0,1,0,0,0,1,0,1,0,1
911,1,0,1,0,1,1,0,1,1,1,1,1,1,0,0,0
912,0,0,0,0,1,1,0,0,0,0,0,0,0,0,0,0
913,1,1,0,0,1,1,0,1,1,0,1,0,1,0,0,0
914,1,1,1,0,0,0,0,0,1,1,0,1,0,1,1,0
915,0,0,1,0,1,1,0,1,0,0,1,1,0,0,0,1
916,0,1,1,1,1,0,0,1,0,0,0,1,1,1,1,1
917,0,0,1,0,0,1,1,0,0,0,1,0,1,0,1,0
918,0,0,1,0,1,1,1,0,0,0,1,1,0,0,0,0
919,0,0,1,0,1,0,1,0,1,0,1,1,1,0,1,1
920,0,0,0,0,0,0,0,0,0,1,1,0,1,0,0,0
921,1,1,0,1,1,0,0,0,1,1,1,1,1,1,1,1
922,1,0,0,0,1,1,0,1,1,1,0,0,0,1,0,1
923,0,0,1,0,0,1,1,0,1,0,0,0,0,0,1,0
924,0,1,1,0,0,0,0,1,1,1,0,0,0,1,0,0
925,0,0,1,0,1,1,0,1,0,1,0,1,0,1,0,1
926,0,0,0,0,0,0,0,1,0,0,1,1,0,0,0,1
927,1,1,1,0,0,0,0,1,1,0,1,1,1,1,1,1
928,0,0,1,0,0,0,0,1,1,0,0,0,1,1,0,0
929,0,0,1,0,0,1,1,1,0,1,1,0,0,1,1,1
930,1,1,0,1,0,0,0,0,0,0,1,1,0,0,0,0
931,1,1,0,0,1,0,0,1,0,0,1,1,1,1,0,0
932,1,0,1,1,1,1,0,0,0,0,1,0,1,0,1,1
933,1,1,0,0,1,1,1,0,1,1,0,0,0,0,1,1
934,0,0,0,1,0,0,0,0,1,0,0,1,0,0,0,1
935,0,0,0,1,0,1,0,0,0,1,1,0,0,0,0,1
936,0,0,0,1,0,0,1,0,0,0,0,1,1,1,1,0
937,1,0,0,0,0,1,0,0,1,1,0,0,0,0,0,0
938,1,1,1,1,1,1,1,0,0,1,0,0,0,1,1,1
939,0,0,1,0,1,0,0,0,0,0,0,0,0,0,0,0
940,0,1,1,1,0,0,0,0,1,0,1,0,1,1,0,1
941,1,0,1,1,0,0,1,0,0,0,0,1,1,0,1,0
942,1,1,0,1,0,1,1,1,0,1,0,1,0,1,1,1
943,0,1,0,0,1,0,0,0,0,0,0,0,0,1,0,0
944,1,0,0,1,1,1,1,0,1,0,0,1,1,1,0,1
945,0,0,0,0,0,0,1,0,1,0,1,0,0,0,1,0
946,0,1,1,0,0,1,0,1,1,0,0,0,1,0,0,0
947,1,0,0,0,0,1,0,0,0,1,0,0,1,1,0,0
948,0,0,0,0,0,1,0,0,0,0,1,0,0,0,0,0
949,0,1,1,1,1,0,1,0,1,1,0,1,1,1,0,0
950,0,1,0,0,0,0,0,1,0,0,0,0,0,1,0,0
951,1,1,1,1,1,1,0,1,1,0,1,1,1,0,0,0
952,0,1,1,0,1,1,0,1,1,1,1,0,1,0,1,0
953,0,1,1,1,1,0,0,0,0,1,0,0,0,0,0,1
954,0,1,0,1,0,0,0,0,0,1,0,0,0,1,1,1
955,1,0,0,1,1,1,1,1,1,1,1,0,1,1,0,0
956,1,0,0,0,0,1,0,1,1,0,0,0,0,0,0,0
957,0,0,0,1,1,1,1,1,1,1,0,0,1,0,0,0
958,0,1,1,0,1,0,1,0,1,1,1,0,0,1,1,0
959,1,0,0,0,1,1,1,0,0,1,0,0,1,0,0,0
960,0,0,0,0,0,0,1,0,0,0,0,0,0,0,0,0
961,1,0,0,1,0,1,0,1,1,1,0,1,1,1,1,0
962,1,1,0,1,1,0,1,1,1,1,1,0,0,0,1,0
963,0,1,0,1,0,0,1,0,1,0,0,0,1,1,1,1
964,1,1,0,0,0,0,0,0,1,1,1,0,1,1,1,1
965,0,1,1,1,0,0,0,1,1,0,1,0,0,0,1,1
966,0,0,1,0,0,0,1,1,1,1,1,1,1,0,1,1
967,1,0,1,0,1,0,0,1,0,0,1,0,0,1,0,0
968,1,1,1,0,1,0,0,1,0,0,1,1,0,0,0,1
969,0,1,1,0,1,0,1,1,1,1,1,0,0,1,1,0
970,1,0,1,0,1,1,0,0,0,1,1,1,0,1,1,1
971,1,0,1,0,0,1,0,0,1,1,1,0,0,1,0,1
972,0,0,1,0,1,1,0,0,0,0,0,0,0,1,1,0
973,0,1,1,0,0,1,0,1,1,1,1,1,0,0,1,1
974,0,0,0,0,1,0,0,0,0,1,1,1,1,0,1,1
975,0,1,1,1,0,1,1,1,1,0,0,0,0,1,0,1
976,0,0,0,0,0,0,0,0,0,0,0,0,0,0,1,0
977,0,1,0,0,0,0,0,1,0,0,0,0,0,0,0,1
978,0,1,1,1,1,0,0,1,1,1,1,0,1,0,0,0
979,0,0,1,0,0,0,0,0,0,0,0,1,0,0,0,0
980,0,0,1,0,0,0,0,0,0,0,0,1,0,0,1,1
981,1,1,1,0,1,0,1,1,1,0,1,0,0,1,1,1
982,0,0,0,0,1,1,0,0,0,0,0,1,0,0,0,0
983,1,0,0,0,0,0,1,0,1,1,0,0,0,0,0,0
984,1,0,1,1,0,1,1,1,1,0,0,0,1,1,0,1
985,0,1,0,1,0,1,1,1,1,1,1,1,1,1,1,0
986,0,0,0,0,0,0,0,0,0,0,1,0,1,0,0,0
987,1,1,1,0,0,0,0,1,0,1,1,0,0,1,0,0
988,1,1,0,0,1,1,0,0,1,0,0,1,1,0,1,1
989,0,0,0,0,0,0,1,0,0,0,0,0,0,0,0,0
990,0,0,1,1,0,0,1,0,0,1,1,1,1,1,0,0
991,0,1,0,0,0,1,0,1,0,1,1,0,0,1,0,1
992,1,0,1,0,1,0,0,1,1,0,0,0,1,0,0,0
993,0,0,1,0,0,1,0,0,0,0,0,1,1,1,0,1
994,0,1,0,0,0,0,1,0,0,0,0,0,0,1,0,1
995,1,0,0,0,1,0,0,0,1,1,1,0,0,0,1,0
996,1,0,0,0,1,1,0,0,0,0,0,0,1,0,0,1
997,0,0,1,1,1,0,1,1,1,0,1,0,1,0,1,1
998,0,0,0,0,0,0,0,0,0,1,0,0,0,0,0,1
